,Name,Date,Max Temperature,Latitude,Humidity %,Cloudiness %,Wind Speed
0,Rikitea,1540688148,22.88,-23.12,100,32,6.57
1,Vaini,1540688155,19.2,15.34,54,0,2.72
2,Kota Kinabalu,1540686600,29.0,5.98,79,75,1.5
3,Mataura,1540688158,11.25,-46.19,97,88,2.57
4,Bredasdorp,1540684800,19.0,-34.53,82,56,5.7
5,Georgetown,1540684800,26.0,6.8,88,20,1.0
6,Albany,1540687560,7.0,42.65,80,90,10.3
7,Upata,1540688193,26.78,8.02,64,0,3.97
8,Awbari,1540687808,13.25,26.59,80,0,1.52
9,Porto Novo,1540688400,20.0,-23.68,82,75,4.1
10,Zhangjiakou,1540688193,3.75,40.77,50,44,8.77
11,Kapaa,1540685760,30.0,22.08,78,90,7.2
12,Carnarvon,1540688150,13.95,-30.97,25,0,0.97
13,East London,1540688194,20.68,-33.02,100,20,8.52
14,Castro,1540687929,11.58,-42.48,98,92,2.87
15,Hermanus,1540688152,16.53,-34.42,83,0,1.72
16,Cherskiy,1540687645,-20.63,68.75,83,76,1.57
17,Atuona,1540687289,26.75,-9.8,100,80,8.92
18,Ahipara,1540688195,16.7,-35.17,88,80,5.02
19,Petropavlovka,1540688195,-6.1,50.61,66,0,1.32
20,Yellowknife,1540684800,0.0,62.45,93,90,3.1
21,Nanzhang,1540688196,7.7,31.78,66,0,0.82
22,Punta Arenas,1540684800,10.0,-53.16,57,75,5.7
23,Bambous Virieux,1540684800,18.0,-20.34,88,20,3.1
24,Cape Town,1540681200,16.0,-33.93,93,0,1.5
25,Jalu,1540688196,19.38,29.03,41,44,5.42
26,Hobart,1540686600,12.0,-42.88,57,75,3.1
27,Viedma,1540688197,18.5,-40.81,41,12,3.47
28,Jamestown,1540687189,12.38,-33.21,100,92,1.72
29,Coihaique,1540684800,13.0,-45.58,54,40,1.57
30,Bay Roberts,1540684800,3.0,47.58,74,90,3.1
31,Axim,1540688197,26.95,4.87,100,8,4.77
32,Port Alfred,1540688198,19.88,-33.59,95,0,6.32
33,Saint-Francois,1540686600,6.0,46.42,70,90,4.1
34,Pierre,1540684380,12.0,44.37,81,1,5.7
35,Karratha,1540687465,24.18,-20.74,68,0,1.47
36,Ramhormoz,1540688198,14.78,31.28,100,36,0.82
37,Boulder,1540686900,21.0,40.02,24,1,4.1
38,Ushuaia,1540684800,8.0,-54.81,76,40,1.5
39,Saskylakh,1540688154,-4.95,71.97,86,88,11.12
40,Acari,1540688199,24.3,-6.44,53,0,5.22
41,Illela,1540688199,25.4,12.39,79,0,1.32
42,Fortuna,1540686600,14.0,38.18,66,20,5.7
43,Isangel,1540688200,24.45,-19.55,100,0,1.72
44,Katsuura,1540684800,17.0,33.93,59,40,4.1
45,Namatanai,1540688200,27.5,-3.66,100,36,1.62
46,Bluff,1540688158,32.0,-23.58,45,0,2.32
47,Alice Springs,1540686600,24.0,-23.7,60,90,0.5
48,Eha Amufu,1540688201,24.13,6.65,90,24,0.97
49,Savelugu,1540688201,24.43,9.63,92,48,0.47
50,Kundiawa,1540688201,15.65,-6.02,100,92,1.02
51,Tuktoyaktuk,1540684800,-4.0,69.44,100,90,6.2
52,Bucerias,1540684080,28.0,20.76,83,90,2.6
53,Mokhotlong,1540688202,4.2,-29.29,81,0,0.92
54,Busselton,1540688086,15.08,-33.64,100,0,4.82
55,Egvekinot,1540688203,-16.35,66.32,64,20,0.87
56,Kruisfontein,1540688029,17.13,-34.0,85,0,5.92
57,Chebsara,1540688203,-1.2,59.2,97,88,3.77
58,Dikson,1540688203,-3.93,73.51,100,76,15.02
59,Saint-Philippe,1540686420,2.0,45.36,100,90,10.3
60,Sinnamary,1540688099,27.33,5.38,96,80,3.17
61,Victoria,1540684800,28.0,5.28,100,75,1.0
62,San Quintin,1540684800,25.0,17.54,69,75,3.1
63,Monster,1540686300,10.0,52.03,81,90,5.1
64,Avarua,1540684800,24.0,-21.21,94,90,3.6
65,Saint George,1540684200,12.0,39.45,100,0,2.1
66,Chuy,1540687365,15.63,-33.69,90,20,4.72
67,Kaitangata,1540687962,9.58,-46.28,100,92,2.92
68,Baruun-Urt,1540688265,-3.3,46.68,76,92,6.37
69,Grants,1540685700,16.0,35.15,29,1,1.5
70,Ulkan,1540688265,-3.93,57.24,85,8,0.97
71,Mount Isa,1540686600,31.0,-20.73,15,48,3.6
72,Nara,1540684800,18.0,34.68,48,20,4.6
73,Seoul,1540686600,11.0,37.57,76,75,3.1
74,Hilo,1540684560,28.0,19.71,69,1,3.6
75,Paragominas,1540687973,29.58,-3.0,61,68,4.02
76,Tasiilaq,1540684200,-1.0,65.61,100,92,15.9
77,Hervey Bay,1540688266,25.75,-25.3,85,0,3.42
78,Grand Gaube,1540684800,18.0,-20.01,88,20,3.1
79,Narsaq,1540684200,0.0,60.91,95,88,4.1
80,Stutterheim,1540688267,13.58,-32.57,88,12,0.97
81,Marquette,1540684560,6.0,46.54,93,90,3.6
82,Kautokeino,1540688267,-8.58,69.01,93,12,2.22
83,Provideniya,1540687324,-2.83,64.42,100,8,3.02
84,Ilulissat,1540684200,-1.0,69.22,92,12,1.5
85,San Cristobal,1540684800,13.0,-0.39,76,75,5.1
86,Santa Vitoria do Palmar,1540688268,15.63,-33.52,90,20,4.72
87,Great Yarmouth,1540686000,7.0,52.61,87,76,2.1
88,Quatre Cocos,1540684800,18.0,-20.21,88,20,3.1
89,Mildura,1540687970,17.65,-34.18,65,76,2.57
90,Puerto Ayora,1540684800,23.0,-0.74,69,0,7.7
91,Kindersley,1540684800,6.0,51.47,45,20,6.2
92,Mabaruma,1540688270,27.25,8.2,85,0,2.97
93,Cidreira,1540688270,17.38,-30.17,92,92,5.92
94,Qaanaaq,1540688270,-22.33,77.48,100,0,4.47
95,Clyde River,1540684800,-13.0,70.47,84,90,8.2
96,Vao,1540688270,3.05,59.1,97,92,7.92
97,Zaragoza,1540686600,7.0,41.65,70,20,7.2
98,The Pas,1540686960,1.0,53.82,99,90,5.7
99,Mehamn,1540688271,-0.13,71.03,80,88,6.27
100,Hithadhoo,1540688272,26.75,-0.6,100,64,4.22
101,Pimentel,1540688272,29.78,-3.7,54,12,3.57
102,Butaritari,1540687261,29.8,3.07,100,12,5.07
103,Constantine,1540686600,17.0,36.36,45,40,4.6
104,Tuapse,1540688273,12.3,44.1,80,24,2.92
105,Torbay,1540684800,3.0,47.66,74,90,3.1
106,Nikolskoye,1540684800,2.0,59.7,96,75,6.0
107,Srednekolymsk,1540688274,-13.63,67.46,77,80,3.32
108,Barrow,1540687835,16.68,-38.31,76,0,4.67
109,Saint Anthony,1540684560,16.0,43.97,47,90,4.1
110,Ribeira Grande,1540687307,19.55,38.52,100,32,7.82
111,Broome,1540686480,7.0,52.47,87,64,2.1
112,Anadyr,1540684800,-3.0,64.73,86,40,7.0
113,Charleville-Mezieres,1540686180,2.0,49.77,100,64,1.5
114,Mikhaylov,1540688275,8.0,54.23,92,92,8.07
115,Praia da Vitoria,1540684800,18.0,38.73,68,75,7.77
116,Kodiak,1540684380,14.0,39.95,67,1,2.6
117,Port Elizabeth,1540686060,11.0,39.31,100,90,4.6
118,Lavrentiya,1540688276,-1.43,65.58,100,0,9.52
119,Belmonte,1540687826,4.38,40.36,84,88,2.57
120,Souillac,1540686600,5.0,45.6,75,0,4.6
121,Dingle,1540688336,26.63,11.0,79,36,1.97
122,George Town,1540686600,27.0,5.42,88,75,1.0
123,Hasaki,1540684800,19.0,35.73,68,40,5.7
124,Tuatapere,1540688337,9.4,-46.13,100,92,1.12
125,Kipushi,1540688337,19.18,-11.76,41,0,4.47
126,Saraland,1540686900,15.0,30.82,100,1,2.32
127,Fare,1540688338,26.63,-16.7,100,36,4.72
128,Yulara,1540684800,23.0,-25.24,60,0,2.6
129,Dwarka,1540686600,18.0,28.58,88,0,1.5
130,New Norfolk,1540686600,12.0,-42.78,66,75,3.1
131,Bagdarin,1540688339,-13.7,54.44,60,20,1.32
132,Gushikawa,1540684800,23.0,26.35,53,75,7.2
133,Klaksvik,1540686000,2.0,62.23,80,88,2.1
134,Esperance,1540684800,26.0,10.24,78,20,2.57
135,Charlestown,1540686960,13.0,41.38,95,100,4.6
136,Verkhnevilyuysk,1540688340,-7.63,63.45,95,44,3.12
137,Hovd,1540684200,-3.0,63.83,92,75,3.1
138,Laguna,1540683780,32.0,27.52,33,5,4.1
139,Bethel,1540684380,1.0,60.79,55,40,9.3
140,Inhambane,1540687999,18.33,-23.87,100,0,2.97
141,Weyburn,1540688136,8.88,49.67,39,0,9.02
142,Saint-Joseph,1540686600,15.0,43.56,93,90,1.0
143,Karapyshi,1540688341,13.95,49.64,68,24,7.12
144,Arraial do Cabo,1540688341,22.95,-22.97,97,92,4.17
145,Petropavlovsk-Kamchatskiy,1540684800,5.0,53.05,100,75,2.0
146,Wattegama,1540688342,20.88,7.35,98,92,0.97
147,Labuhan,1540688342,24.88,-2.54,91,32,1.32
148,Keetmanshoop,1540688342,26.03,-26.57,14,56,4.02
149,Norman Wells,1540684800,-5.0,65.28,92,90,2.1
150,Cayenne,1540686600,27.0,4.94,83,75,2.52
151,Ixtapa,1540684080,28.0,20.71,83,90,2.6
152,Portobelo,1540684800,27.0,9.55,88,40,2.1
153,Pachino,1540688344,22.13,36.72,100,68,9.27
154,Maceio,1540688400,23.0,-9.67,83,0,3.6
155,Rawson,1540688231,16.08,-43.3,48,0,1.42
156,Muskego,1540686900,9.0,42.91,81,40,1.67
157,Tautira,1540686600,30.0,-17.73,70,75,5.1
158,Conde,1540688328,25.38,-11.81,87,0,6.02
159,Faanui,1540688345,27.08,-16.48,100,8,3.77
160,Kalmunai,1540687945,22.75,7.42,100,68,2.97
161,Alofi,1540684800,26.0,-19.06,83,92,2.1
162,Gemena,1540688346,22.3,3.25,96,32,0.87
163,Alindao,1540688346,20.5,5.04,98,92,4.22
164,Kahului,1540684560,31.0,20.89,66,40,10.3
165,Kavieng,1540688225,28.08,-2.57,100,48,2.07
166,Treinta y Tres,1540688347,15.3,-33.23,78,0,4.27
167,Chokurdakh,1540688347,-12.95,70.62,88,88,3.32
168,Guerrero Negro,1540687791,27.7,27.97,41,0,5.12
169,Padang,1540687784,26.18,-0.92,100,68,2.47
170,Olinda,1540684800,25.0,-2.03,73,40,5.1
171,Shellbrook,1540684800,8.0,53.22,64,75,4.6
172,Jumla,1540688348,-4.45,29.28,82,0,1.07
173,Zhuhai,1540684800,6.0,40.71,38,0,6.0
174,Belle Glade,1540686900,28.0,26.68,82,1,2.6
175,Rodrigues Alves,1540684800,25.0,-7.74,94,0,1.87
176,Dossor,1540688349,0.05,47.52,82,0,3.37
177,Tucurui,1540688349,24.2,-3.77,91,44,1.52
178,Sioux Lookout,1540687380,6.0,50.1,93,90,4.6
179,Tingo Maria,1540688349,18.25,-9.29,97,44,0.32
180,Saint-Pierre,1540686600,2.0,48.95,100,56,3.6
181,Sibolga,1540688156,21.45,1.74,100,56,0.72
182,Lorengau,1540687871,29.3,-2.02,97,0,0.42
183,Onufriyivka,1540688480,11.38,48.91,82,0,6.67
184,Upernavik,1540688480,-4.6,72.79,100,92,10.42
185,Rondonopolis,1540688480,24.15,-16.46,92,12,0.97
186,Alpena,1540687080,4.0,45.06,93,90,3.1
187,Tubmanburg,1540688481,25.65,6.87,91,44,2.07
188,Husavik,1540687280,4.45,50.56,96,36,3.32
189,Verkh-Chebula,1540688414,7.4,56.03,56,0,5.12
190,Repalle,1540686600,22.0,16.02,83,20,3.77
191,Araouane,1540688415,18.05,18.9,25,0,2.07
192,Namie,1540684800,16.0,37.52,71,75,2.6
193,Amazar,1540688484,-5.55,53.86,55,36,5.67
194,Mar del Plata,1540687291,15.8,-46.43,47,0,1.87
195,Terrasini,1540686000,23.0,38.15,56,0,8.2
196,Sao Joao da Barra,1540688417,23.53,-21.64,100,68,4.37
197,Lazne Bohdanec,1540684800,6.0,50.08,93,90,1.77
198,Tadine,1540688487,24.93,-21.55,93,68,3.77
199,Nehe,1540688487,-0.95,48.48,83,88,6.92
200,Berezayka,1540688419,0.68,57.99,99,92,4.37
201,Iturama,1540688420,23.83,-19.73,86,88,1.42
202,Tura,1540688257,18.4,25.52,89,0,1.12
203,Salalah,1540684200,25.0,17.01,78,40,1.5
204,Thompson,1540685880,0.0,55.74,98,90,3.1
205,Meulaboh,1540688422,24.5,4.14,100,80,0.72
206,Adeje,1540688490,24.38,5.68,97,36,2.77
207,Broken Hill,1540688244,20.65,-31.97,47,92,3.87
208,Geraldton,1540684800,2.0,49.72,80,90,1.5
209,Plouzane,1540686600,5.0,48.38,86,92,4.6
210,Imbituba,1540688424,19.4,-28.24,100,76,10.62
211,Deputatskiy,1540688425,-23.08,69.3,65,8,1.47
212,Lagoa,1540686600,13.0,37.14,62,0,6.2
213,Pisco,1540684800,19.0,-13.71,77,90,4.6
214,Solnechnyy,1540688426,2.03,50.72,85,44,4.07
215,Paamiut,1540688427,2.68,61.99,100,92,15.62
216,Shelburne,1540686240,3.0,44.08,86,90,2.1
217,Krasnyy Kut,1540688427,8.3,47.1,89,44,4.87
218,Ban Dung,1540684800,25.0,17.7,88,20,1.5
219,Bacalar,1540683600,28.0,18.68,61,40,3.87
220,Celestun,1540688428,27.2,20.87,100,0,9.12
221,Sinop,1540688429,17.53,42.03,95,0,2.97
222,Maumere,1540688498,27.83,-8.63,100,0,2.62
223,La Maddalena,1540686000,22.0,39.15,73,0,5.7
224,Khatanga,1540688430,1.25,71.98,88,64,7.87
225,Birao,1540688430,22.08,10.3,59,8,2.62
226,Plakhtiyivka,1540688431,11.78,46.1,93,0,4.77
227,Umtata,1540684800,14.0,-31.59,93,0,0.97
228,Guaira,1540688431,19.13,-24.09,81,0,3.87
229,Bilibino,1540687979,-16.43,68.06,83,80,1.32
230,Naranjito,1540684800,25.0,-2.17,73,40,5.1
231,Nova Era,1540688433,22.33,-19.77,85,64,1.97
232,Luderitz,1540684800,24.0,-26.65,50,32,2.6
233,Dakar,1540684800,26.0,14.69,78,12,3.1
234,Minna,1540688434,23.7,9.62,92,36,1.22
235,Zheleznodorozhnyy,1540684800,6.0,55.75,87,75,4.0
236,Severo-Kurilsk,1540687987,6.4,50.68,98,92,6.07
237,Wangqing,1540688434,2.15,43.31,63,8,2.52
238,Hejobaba,1540688434,15.3,47.9,72,32,5.17
239,Teknaf,1540688435,21.7,20.86,100,92,1.57
240,Marsh Harbour,1540688002,27.03,26.54,100,76,2.52
241,Lebu,1540684800,10.0,8.96,71,20,1.0
242,Bathsheba,1540684800,25.0,13.22,88,40,2.1
243,Ende,1540688556,26.75,-8.84,100,24,3.57
244,La Sarre,1540688410,-1.18,48.8,88,44,4.22
245,Magadan,1540686600,4.0,59.56,93,90,3.0
246,Marystown,1540688556,4.58,47.17,100,88,3.22
247,Huanren,1540688556,0.78,41.26,69,48,1.87
248,Margate,1540686600,12.0,-43.03,81,75,3.1
249,Datong,1540688557,2.93,40.09,53,0,7.02
250,Zhigansk,1540688557,-7.58,66.77,85,88,6.07
251,Ostrovnoy,1540688557,-2.73,68.05,92,88,5.02
252,Nome,1540685700,21.0,30.04,68,1,2.1
253,Johi,1540688558,21.43,26.69,52,0,1.22
254,Pingliang,1540688558,-0.38,35.54,56,0,2.52
255,Kawalu,1540688558,20.4,-7.38,99,88,1.22
256,Dinghai,1540684800,19.0,26.28,55,0,2.0
257,Mackenzie,1540684800,6.0,55.34,56,1,2.6
258,Thaba-Tseka,1540688559,4.2,-29.52,81,0,0.92
259,Xiuyan,1540688559,4.43,40.29,55,80,2.27
260,Mogadishu,1540688560,25.4,2.04,100,20,3.97
261,Ribeira Brava,1540686600,19.0,32.65,59,20,9.8
262,Bocaiuva,1540688560,18.7,-17.12,96,64,1.22
263,Tiksi,1540687210,-9.75,71.64,77,36,6.92
264,Yinchuan,1540688560,-6.83,38.48,67,0,1.52
265,Berlevag,1540688560,0.5,70.86,100,88,7.02
266,Te Anau,1540688561,7.83,-45.41,99,92,1.52
267,Champerico,1540684260,27.0,16.38,69,75,5.7
268,Ondjiva,1540688561,17.4,-17.07,84,68,4.07
269,Evans,1540686900,21.0,40.38,23,1,5.47
270,Caravelas,1540688336,26.3,-17.73,96,68,13.67
271,Togul,1540688562,-1.48,53.47,70,0,3.37
272,Bavly,1540688562,-3.05,54.4,92,32,3.77
273,Taoudenni,1540688562,18.15,22.68,35,0,1.27
274,Puerto Ayacucho,1540688562,25.75,5.66,89,48,0.92
275,Pauini,1540688563,26.45,-7.71,83,20,0.77
276,Naze,1540684800,25.0,5.43,94,20,2.47
277,Kamenka,1540688563,1.88,53.19,94,76,6.77
278,Ayan,1540688563,-6.08,40.67,66,0,0.57
279,Contamana,1540688564,25.65,-7.35,90,20,0.47
280,Kristiansund,1540686000,-1.0,63.12,80,0,1.5
281,Rantepao,1540688565,23.38,-2.97,81,0,1.02
282,Benguela,1540688116,24.58,-12.58,100,76,1.32
283,Vagur,1540688565,7.43,61.47,100,48,5.82
284,Biak,1540688565,27.7,-0.91,88,20,1.87
285,Kiri Buru,1540688565,14.8,22.08,87,0,1.07
286,Victoria,1540686600,28.0,5.28,100,75,1.0
287,Kilindoni,1540688566,25.75,-7.91,100,8,4.62
288,Ust-Kuyga,1540688566,-23.98,70.0,55,8,2.92
289,Tazovskiy,1540688566,-1.58,67.47,88,88,12.17
290,Panormos,1540688566,12.63,38.37,100,8,1.62
291,Hualmay,1540688567,16.3,-11.1,88,20,2.22
292,Mounana,1540688567,22.33,-1.38,96,24,0.87
293,Huilong,1540688567,10.08,28.89,72,44,0.82
294,Gusinoye Ozero,1540688567,-2.45,51.11,80,0,2.12
295,Spiridonovka,1540686600,1.0,53.09,86,40,3.0
296,Port Hedland,1540686600,30.0,-20.31,55,0,3.6
297,Peterhead,1540686600,18.0,-34.83,55,75,6.2
298,Marmora,1540688568,4.95,44.46,100,92,0.62
299,Pacific Grove,1540686900,25.0,36.62,44,1,3.1
300,Mykhaylivka,1540688400,11.0,47.27,93,75,6.0
301,Rosario do Sul,1540688554,18.53,-30.26,75,68,4.82
302,Illapel,1540688629,15.4,-31.63,75,0,1.32
303,Kenai,1540684560,9.0,60.55,70,90,1.5
304,Chunskiy,1540688629,-4.35,56.08,64,0,2.47
305,Whitecourt,1540684800,7.0,54.14,39,20,4.6
306,Rzhanitsa,1540688630,9.2,53.43,93,92,6.07
307,Kijang,1540684800,11.0,35.24,66,0,1.0
308,Vanimo,1540688631,26.63,-2.67,100,56,2.62
309,Verkhoyansk,1540688631,-21.98,67.55,60,32,1.02
310,Pevek,1540687180,-9.7,69.7,100,48,5.02
311,Tarakan,1540688631,25.38,3.3,100,64,1.87
312,Tabou,1540688631,27.43,4.42,100,0,3.67
313,Bilma,1540688632,24.33,18.69,29,32,2.92
314,Lata,1540688632,4.88,30.78,69,0,1.27
315,Muros,1540686600,4.0,42.77,86,90,4.6
316,Luanda,1540688400,26.0,-8.83,83,75,3.1
317,Qasigiannguit,1540687800,-2.0,68.82,100,12,1.5
318,Ewa Beach,1540684620,31.0,21.32,48,1,4.6
319,Shingu,1540684800,17.0,33.72,63,20,4.6
320,Porto Velho,1540684800,28.0,-8.75,83,20,2.1
321,Makakilo City,1540684620,31.0,21.35,48,1,4.6
322,Ambon,1540686600,2.0,47.55,93,0,3.6
323,Qalyub,1540686600,19.0,30.18,59,0,4.6
324,Prainha,1540688634,30.75,-1.8,57,0,2.67
325,Hami,1540688634,-0.13,42.84,48,0,3.12
326,Nogliki,1540688635,8.93,51.8,91,44,3.87
327,Abha,1540684800,16.0,18.22,93,0,0.87
328,Chodavaram,1540688635,16.83,17.44,92,0,1.07
329,Sao Filipe,1540688635,25.5,14.9,100,8,5.67
330,Ostrow Mazowiecka,1540688636,5.08,52.8,75,92,3.82
331,Tricase,1540684500,20.0,39.93,82,40,6.2
332,Itoman,1540684800,23.0,26.12,49,75,9.8
333,Maningrida,1540688636,29.58,-12.05,72,8,2.92
334,Mahebourg,1540684800,18.0,-20.41,88,20,3.1
335,Jizan,1540684800,29.0,16.89,74,0,2.77
336,Baillif,1540686600,25.0,16.02,88,20,3.67
337,Tshikapa,1540688637,21.18,-6.42,99,64,0.97
338,Tottori,1540684800,16.0,35.5,51,20,4.1
339,Lakes Entrance,1540688637,13.68,-37.88,81,44,1.92
340,Calama,1540684800,18.0,-22.46,15,0,7.2
341,Kongolo,1540688638,21.0,-5.39,90,56,1.17
342,Lompoc,1540686900,25.0,34.64,38,1,5.1
343,Huarmey,1540688638,17.05,-10.07,72,8,1.42
344,Jacksonville,1540686900,18.0,30.33,82,90,3.6
345,Follonica,1540684500,21.0,42.93,88,20,8.7
346,Shache,1540688639,-1.3,38.42,80,0,1.32
347,Vredendal,1540688639,16.75,-31.68,77,0,1.12
348,Port Hardy,1540684800,10.0,50.7,76,90,8.7
349,Komsomolskiy,1540688640,-4.08,67.55,87,76,3.27
350,Zhezkazgan,1540688640,5.8,47.8,93,56,9.77
351,Goderich,1540688638,3.9,43.74,100,92,6.57
352,Teya,1540684140,28.0,21.05,69,40,5.1
353,Xichang,1540688640,3.05,27.88,96,68,0.87
354,Khilok,1540688641,-0.6,51.36,93,92,0.62
355,Ngunguru,1540688271,17.75,-35.62,94,48,5.72
356,Rosarito,1540684800,22.0,4.91,100,40,2.6
357,Hofn,1540688641,3.83,64.25,100,92,8.87
358,Mookane,1540688642,18.8,-23.68,31,0,5.52
359,Tollose,1540686000,2.0,55.61,100,68,3.1
360,Sorong,1540688689,27.7,-0.86,100,8,6.07
361,Sabzevar,1540688705,12.2,36.21,62,92,3.37
362,Sao Felix do Xingu,1540688706,26.63,-6.64,87,12,0.57
363,Grindavik,1540686600,5.0,63.84,93,90,16.5
364,Maues,1540688706,28.68,-3.38,75,48,1.32
365,College,1540686480,0.0,64.86,95,90,1.62
366,Ughelli,1540688706,24.38,5.49,97,36,2.77
367,Sterling,1540687620,11.0,39.0,87,90,3.87
368,Melfort,1540684800,1.0,52.87,100,90,1.0
369,Ossora,1540688707,3.2,59.24,100,12,2.52
370,Guarapari,1540684800,24.0,-20.67,94,90,6.2
371,Kununurra,1540686600,37.0,-15.77,27,0,5.1
372,Sisian,1540688400,5.0,39.53,75,8,2.1
373,Aksu,1540686600,10.0,52.04,36,0,7.0
374,Mandalgovi,1540688708,-2.7,45.76,70,0,5.27
375,Lufilufi,1540688709,28.68,-13.87,100,0,4.67
376,Lima,1540688444,16.3,-12.06,62,8,0.92
377,Novyy Urengoy,1540688532,-2.85,66.08,84,8,10.47
378,Roald,1540687800,-1.0,62.58,86,0,2.6
379,Rorvik,1540688710,-0.68,64.86,100,0,2.47
380,Neiafu,1540684800,26.0,-18.65,74,75,3.1
381,Sitka,1540688710,19.3,37.17,41,0,2.17
382,Sarangani,1540688710,28.2,5.4,100,24,6.82
383,Khorramshahr,1540688400,17.0,30.43,67,0,4.1
384,Salinopolis,1540688711,28.18,-0.61,92,76,5.57
385,Zambezi,1540688711,22.78,-13.55,26,68,4.12
386,Ilmajoki,1540687800,-1.0,62.73,86,0,3.1
387,Avera,1540686900,15.0,33.19,71,90,3.6
388,Antofagasta,1540684800,16.0,-23.65,63,90,5.1
389,Los Llanos de Aridane,1540686600,19.0,28.66,88,68,2.6
390,Skibotn,1540686000,-3.0,69.39,92,75,1.0
391,Wukari,1540688712,24.2,7.87,91,20,1.32
392,Tiarei,1540684800,30.0,-17.53,70,40,5.1
393,La Ronge,1540684800,1.0,55.1,81,90,3.1
394,Bom Sucesso,1540688713,21.83,-21.03,83,88,5.02
395,Saint-Augustin,1540686600,6.0,44.83,75,0,5.7
396,Kota Belud,1540686600,29.0,6.35,79,75,1.5
397,Faya,1540684800,16.0,18.39,93,0,1.52
398,Chubbuck,1540684380,16.0,42.93,41,1,6.7
399,Les Cayes,1540688427,27.5,18.19,100,0,3.62
400,Constitucion,1540683660,21.0,23.99,35,5,3.1
401,Novoagansk,1540688714,2.43,61.94,95,56,2.42
402,Halifax,1540686120,2.0,44.65,100,90,8.2
403,Belle Fourche,1540685700,9.0,44.67,66,75,5.1
404,Brenham,1540688100,22.0,30.17,73,1,3.32
405,Springbok,1540688715,18.43,-29.67,26,20,1.87
406,Codrington,1540688716,23.08,-28.95,63,48,2.77
407,Pavullo nel Frignano,1540686000,22.0,44.33,53,75,3.6
408,Tessalit,1540688227,14.13,20.2,41,36,1.37
409,Hopewell,1540686720,14.0,37.3,87,90,3.1
410,Caxito,1540688719,22.5,-22.65,93,100,3.47
411,Barcelos,1540686600,8.0,41.53,75,0,5.1
412,Ponta do Sol,1540688150,21.08,-20.63,86,88,3.97
413,Vestmannaeyjar,1540688720,4.68,63.44,100,100,13.22
414,Khandbari,1540688720,0.65,27.38,90,0,0.72
415,Touros,1540688721,24.5,-5.2,91,0,4.32
416,Port Macquarie,1540684800,19.0,-31.43,68,90,7.7
417,North Bend,1540688160,19.0,43.41,77,90,4.6
418,Airai,1540688129,27.53,-8.93,42,0,0.92
419,Sibu,1540684800,27.0,2.29,88,75,2.6
420,Peto,1540688660,29.8,20.13,47,80,2.87
421,Muisne,1540688782,23.83,0.61,73,44,3.02
422,Gigmoto,1540688782,26.13,13.78,100,92,8.42
423,Coquimbo,1540684800,14.0,-29.95,87,0,1.0
424,Porto Walter,1540688783,25.2,-8.27,87,8,1.17
425,Mocuba,1540688783,19.93,-16.84,97,92,1.77
426,Le Port,1540688784,-4.43,42.87,96,92,0.97
427,Ushtobe,1540688784,10.8,45.25,45,36,3.22
428,Lins,1540688784,23.08,-21.67,73,56,3.47
429,Masuguru,1540688785,25.7,-11.38,59,92,4.57
430,Brasilia de Minas,1540688785,21.05,-16.21,91,76,2.07
431,Gort,1540688400,0.0,53.07,85,0,2.6
432,Leningradskiy,1540688786,-9.58,69.38,100,0,1.97
433,Dolores,1540688786,15.88,-36.31,70,8,4.02
434,Qafqafa,1540684800,12.0,32.35,76,0,2.1
435,Kovdor,1540688786,-4.25,67.56,83,0,3.12
436,Makinsk,1540688787,3.08,52.63,100,92,8.07
437,Belyy Yar,1540684800,-6.0,53.6,92,12,1.12
438,Linjiang,1540688787,-1.25,41.81,64,24,3.97
439,Amapa,1540684800,28.0,15.09,74,40,2.6
440,Mopti,1540684800,25.0,14.49,61,0,4.1
441,Sokoto,1540688788,24.05,13.06,79,0,1.02
442,Havre-Saint-Pierre,1540684800,-7.0,50.23,85,40,1.32
443,Mwene-Ditu,1540688788,20.08,-7.01,88,24,1.27
444,Catalao,1540688789,23.0,-18.17,76,32,2.27
445,Dingli,1540685700,23.0,35.86,73,40,7.2
446,Yelets,1540688789,9.15,52.61,89,92,7.52
447,Surgut,1540686600,1.0,61.25,91,0,4.0
448,Chupa,1540684800,11.0,-15.11,57,75,5.1
449,Fairbanks,1540686480,0.0,64.84,95,90,1.62
450,Lensk,1540688791,-9.88,60.71,82,44,1.12
451,Lavumisa,1540688791,13.75,-27.31,97,0,1.17
452,Lumphat,1540688791,23.28,13.5,90,56,1.22
453,Cap Malheureux,1540684800,18.0,-19.98,88,20,3.1
454,La Reforma,1540685520,26.0,14.8,94,90,4.1
455,Shahgarh,1540688792,16.28,24.31,58,0,1.22
456,Takab,1540688792,-2.18,36.4,92,24,0.97
457,Pokhara,1540688525,4.58,28.21,77,0,0.77
458,Progreso,1540684800,17.0,-34.68,77,75,4.1
459,Itarema,1540688793,25.45,-2.92,81,0,6.17
460,Sulangan,1540688793,28.03,11.14,100,0,6.82
461,Puro,1540688794,26.18,13.13,92,68,3.22
462,Cabo San Lucas,1540684140,28.0,22.89,69,40,2.52
463,Ust-Kulom,1540688794,-0.05,61.69,86,88,3.42
464,Najran,1540684800,21.0,17.54,37,0,1.02
465,Nanakuli,1540684620,31.0,21.39,61,20,4.6
466,Iqaluit,1540684800,-8.0,63.75,85,75,13.9
467,Longyearbyen,1540687800,-7.0,78.22,73,75,4.1
468,Doha,1540686600,28.0,25.29,69,75,4.6
469,Port Augusta,1540684800,17.0,-32.49,88,90,4.6
470,Baghdad,1540688400,13.0,33.3,66,20,2.1
471,Goure,1540688796,25.03,13.98,61,32,1.27
472,Dondaicha,1540688796,19.5,21.33,66,8,1.07
473,Bandarbeyla,1540688796,24.65,9.49,100,68,3.32
474,Ranong,1540684800,24.0,9.96,100,20,2.77
475,Shimoda,1540684800,19.0,34.7,68,20,4.1
476,Manadhoo,1540688797,27.18,5.77,100,76,1.27
477,Kloulklubed,1540687800,27.0,7.04,88,90,9.77
478,Palana,1540688797,3.55,59.08,99,92,1.82
479,Hegang,1540688798,-1.0,47.34,69,32,3.82
480,Vyazemskiy,1540688858,0.38,47.53,73,80,3.47
481,Moerai,1540688754,21.43,-22.43,100,100,9.67
482,Kirundo,1540686600,19.0,-2.59,77,75,1.5
483,Bonavista,1540688858,4.45,48.65,100,20,5.22
484,Umm Kaddadah,1540688859,22.68,13.6,28,44,4.72
485,Desna,1540688400,11.0,50.92,87,0,2.0
486,San Patricio,1540688860,18.25,-26.98,68,0,2.02
487,San Diego de los Banos,1540688860,26.0,22.65,78,0,2.12
488,Nanortalik,1540688860,1.95,60.14,94,76,6.62
489,Mana,1540686600,15.0,43.52,100,0,1.0
490,Luba,1540688861,24.63,17.32,70,8,3.32
491,Santa Rosa,1540688635,17.5,-36.62,81,100,1.72
492,Moron,1540684800,27.0,10.49,74,40,1.27
493,Saldanha,1540688863,2.03,41.42,85,24,2.72
494,Cortez,1540684380,17.0,37.35,27,1,5.1
495,Beringovskiy,1540688839,-0.55,63.05,100,76,3.07
496,Portland,1540688100,15.0,45.52,100,90,3.1
497,Lasa,1540688400,15.0,34.92,72,0,4.6
498,Mayumba,1540688864,24.93,-3.44,100,92,3.62
499,Gustavo Diaz Ordaz,1540683660,21.0,24.01,35,5,3.1
500,Beloha,1540688864,16.15,-25.17,91,0,3.17
501,Santiago del Estero,1540688864,22.03,-27.8,64,68,3.87
502,Leeton,1540688865,17.58,-34.55,57,24,2.92
503,Camacha,1540686600,19.0,33.08,55,40,6.7
504,Westport,1540688866,4.78,53.8,100,0,3.87
505,Turukhansk,1540688866,2.8,65.8,91,92,7.72
506,Fougeres,1540686600,7.0,48.35,93,20,2.6
507,Valparaiso,1540687500,9.0,41.47,87,75,2.72
508,West Bay,1540686000,5.0,50.71,96,20,6.7
509,Boa Vista,1540688400,30.0,2.82,62,20,2.6
510,Singaraja,1540688868,23.38,-8.11,94,44,0.97
511,Nagato,1540685340,15.0,34.35,51,75,4.1
512,Arcos de la Frontera,1540688400,13.0,36.75,71,0,4.1
513,Marawi,1540688868,23.5,8.0,82,44,1.27
514,Marienburg,1540687800,2.0,52.12,94,0,2.6
515,Harper,1540688100,20.0,30.3,60,1,2.32
516,Bahia Honda,1540688869,26.0,22.9,78,0,2.12
517,Cockburn Town,1540688655,28.05,21.46,100,56,4.27
518,Presidencia Roque Saenz Pena,1540688869,20.08,-26.79,58,8,3.52
519,Ercis,1540684200,-1.0,39.03,86,20,2.6
520,Vila Franca do Campo,1540686600,18.0,37.72,63,40,6.2
521,Murray Bridge,1540688870,14.9,-35.12,91,88,1.72
522,Key West,1540688100,7.0,47.93,87,90,6.7
523,Kirkenaer,1540688870,-3.33,60.46,80,0,2.62
524,Mantua,1540686000,17.0,45.16,77,75,3.6
525,Matara,1540688871,8.8,-13.74,86,76,0.92
526,Memmingen,1540687800,3.0,47.99,86,92,5.7
527,Poum,1540688872,3.4,41.28,84,0,0.77
528,Okato,1540688872,14.2,-39.19,100,12,5.02
529,Manggar,1540688872,26.88,-2.88,95,48,1.77
530,Atig,1540688873,-0.55,56.69,77,88,4.02
531,Jining,1540688873,8.38,35.41,55,0,3.12
532,Banfora,1540688873,25.08,10.64,78,36,1.72
533,Mizdah,1540688873,13.33,31.45,89,0,2.22
534,Port Lincoln,1540688873,16.58,-34.72,89,88,3.87
535,Toccoa,1540688160,12.0,34.58,71,1,5.1
536,Eirunepe,1540688786,26.58,-6.66,79,24,1.32
537,Novikovo,1540688874,12.78,45.05,91,0,5.02
538,Tezu,1540688874,15.3,27.93,50,0,0.87
539,Kargasok,1540688816,9.53,59.06,80,76,3.42
540,Udachnyy,1540688935,-2.1,66.42,86,92,4.02
541,Valle Hermoso,1540687980,25.0,25.67,83,1,2.6
542,Beisfjord,1540687800,-6.0,68.38,92,56,1.0
543,Kailua,1540684620,31.0,21.39,74,40,5.1
544,Komnina,1540688936,3.53,40.59,94,0,0.82
545,Merauke,1540688936,30.93,-8.49,72,0,4.92
546,Talnakh,1540688936,-0.58,69.49,93,88,9.27
547,Puerto Escondido,1540683900,29.0,15.86,70,40,1.32
548,Erzurum,1540686000,-3.0,39.91,92,0,1.07
549,Gerash,1540684800,21.0,27.67,64,75,4.1
550,Zyryanka,1540688937,-14.08,65.73,80,0,1.67
551,Shubarshi,1540688937,0.93,48.59,89,0,5.77
552,San Ramon,1540688938,21.28,12.92,90,92,0.92
553,Usogorsk,1540688938,-1.18,63.43,94,80,1.52
554,Verkh-Usugli,1540688938,-7.88,52.7,44,0,3.52
555,Sur,1540688938,25.45,22.57,100,76,2.07
